participant_id,group,nationality,age,gender,year_of_study,w1,w2,w3,w4,w5,w6,w7,w4r,w6r,b1,b2,b3,b4,b5,d1,d2,d3,d4,wb_mean,bel_mean,dis_mean,open_response
P011,UK,Scotland,27,Female,1,2.0,2.0,2.0,3.0,2.0,3.0,2.0,3.0,3.0,2.0,3.0,3.0,4.0,4.0,2.0,2.0,2.0,2.0,2.2857142857142856,3.2,2.0,"My flat has a great vibe, but maintenance is slow."
P082,UK,England,21,Female,1,4.0,5.0,5.0,1.0,5.0,1.0,5.0,5.0,5.0,6.0,6.0,6.0,6.0,7.0,2.0,2.0,2.0,2.0,4.857142857142857,6.2,2.0,Social life is great—lots of events and friends to keep me grounded.
P143,EU,Italy,28,Male,3,4.0,3.0,4.0,1.0,3.0,3.0,4.0,5.0,3.0,4.0,4.0,3.0,4.0,3.0,4.0,4.0,3.0,3.0,3.7142857142857144,3.6,3.5,"Financial stress is manageable, but I sometimes worry about future costs."
P050,UK,England,24,Male,1,2.0,5.0,4.0,2.0,3.0,1.0,4.0,4.0,5.0,5.0,5.0,6.0,6.0,6.0,2.0,2.0,2.0,2.0,3.857142857142857,5.6,2.0,I'd love more mental health resources on campus.
P052,UK,England,25,Male,2,4.0,3.0,3.0,3.0,4.0,3.0,3.0,3.0,3.0,6.0,7.0,7.0,6.0,7.0,2.0,2.0,2.0,1.0,3.2857142857142856,6.6,1.75,Not really
P108,UK,England,24,Female,2,4.0,4.0,4.0,2.0,4.0,1.0,3.0,4.0,5.0,6.0,6.0,6.0,6.0,6.0,2.0,2.0,3.0,2.0,4.0,6.0,2.25,
P114,UK,Wales,27,Female,2,2.0,2.0,3.0,3.0,2.0,4.0,2.0,3.0,2.0,,6.0,4.0,5.0,5.0,,2.0,1.0,1.0,2.2857142857142856,5.0,1.3333333333333333,Food costs are a struggle; campus cafes are pricey.
P003,UK,Wales,26,Female,2,3.0,3.0,3.0,2.0,4.0,2.0,3.0,4.0,4.0,5.0,4.0,4.0,5.0,5.0,2.0,2.0,1.0,2.0,3.4285714285714284,4.6,1.75,No
P103,UK,England,26,Male,2,4.0,4.0,4.0,2.0,4.0,2.0,3.0,4.0,4.0,6.0,7.0,6.0,4.0,5.0,3.0,2.0,2.0,2.0,3.857142857142857,5.6,2.25,"My flat has a great vibe, but maintenance is slow."
P242,International,Kenya,23,Female,3,3.0,3.0,3.0,3.0,3.0,1.0,4.0,3.0,5.0,6.0,6.0,6.0,5.0,5.0,1.0,2.0,2.0,1.0,3.4285714285714284,5.6,1.5,"Made friends who've helped me adapt, but systemic bias remains."
P051,UK,England,26,Male,3,3.0,4.0,4.0,2.0,4.0,2.0,4.0,4.0,4.0,5.0,4.0,5.0,4.0,4.0,1.0,1.0,2.0,1.0,3.857142857142857,4.4,1.25,
P016,UK,Scotland,24,Female,3,4.0,3.0,3.0,1.0,4.0,2.0,4.0,5.0,4.0,6.0,5.0,6.0,5.0,5.0,2.0,2.0,2.0,2.0,3.857142857142857,5.4,2.0,I've made great friends through clubs and societies.
P033,UK,Scotland,28,Female,1,4.0,4.0,4.0,2.0,4.0,2.0,4.0,4.0,4.0,7.0,6.0,6.0,6.0,6.0,1.0,2.0,1.0,1.0,4.0,6.2,1.25,Social life is great—lots of events and friends to keep me grounded.
P153,EU,Netherlands,24,Male,2,3.0,2.0,3.0,4.0,3.0,4.0,2.0,2.0,2.0,3.0,4.0,4.0,3.0,4.0,2.0,3.0,3.0,2.0,2.4285714285714284,3.6,2.5,UK culture feels polite but distant—struggling to feel fully connected.
P008,UK,England,26,Female,3,4.0,4.0,5.0,1.0,5.0,2.0,4.0,5.0,4.0,6.0,5.0,6.0,6.0,6.0,3.0,2.0,2.0,2.0,4.428571428571429,5.8,2.25,
P125,UK,Scotland,21,Male,2,2.0,4.0,3.0,3.0,4.0,3.0,3.0,3.0,3.0,4.0,5.0,5.0,4.0,5.0,3.0,2.0,2.0,3.0,3.142857142857143,4.6,2.5,Nothing to add
P148,EU,Sweden,24,Male,2,4.0,3.0,3.0,2.0,3.0,4.0,3.0,4.0,2.0,6.0,5.0,5.0,7.0,5.0,3.0,2.0,3.0,3.0,3.142857142857143,5.6,2.75,"It's been challenging at times, but I'm proud of how much I've grown."
P037,UK,England,26,Female,1,2.0,2.0,2.0,4.0,4.0,2.0,2.0,2.0,4.0,5.0,3.0,5.0,5.0,5.0,1.0,2.0,2.0,,2.5714285714285716,4.6,1.6666666666666667,Workshops on time management would be helpful.
P083,UK,England,21,Female,1,4.0,,5.0,2.0,5.0,2.0,4.0,4.0,4.0,7.0,7.0,7.0,7.0,7.0,2.0,2.0,3.0,3.0,4.333333333333333,7.0,2.5,I feel supported by my peers and staff.
P243,International,China,24,Female,1,3.0,3.0,4.0,3.0,3.0,3.0,4.0,3.0,3.0,3.0,3.0,3.0,4.0,4.0,3.0,4.0,4.0,4.0,3.2857142857142856,3.4,3.75,I wish there were more culturally inclusive events on campus.
P299,International,Pakistan,26,Male,2,3.0,3.0,4.0,2.0,5.0,2.0,4.0,4.0,4.0,3.0,4.0,4.0,4.0,4.0,3.0,3.0,4.0,3.0,3.857142857142857,3.8,3.25,"Missing family dearly, especially holidays."
P135,EU,France,24,Male,1,2.0,2.0,2.0,3.0,3.0,3.0,3.0,3.0,3.0,3.0,4.0,5.0,5.0,4.0,3.0,3.0,2.0,2.0,2.5714285714285716,4.2,2.5,UK culture feels polite but distant—struggling to feel fully connected.
P199,EU,Poland,28,Male,1,4.0,4.0,5.0,3.0,3.0,2.0,4.0,3.0,4.0,5.0,5.0,5.0,5.0,5.0,1.0,1.0,1.0,1.0,3.857142857142857,5.0,1.0,"The language is a hurdle, but I'm improving thanks to language apps and friends."
P104,UK,Wales,28,Female,1,3.0,4.0,3.0,3.0,3.0,3.0,2.0,3.0,3.0,3.0,4.0,4.0,4.0,4.0,4.0,3.0,3.0,2.0,3.0,3.8,3.0,I'd like clearer guidelines on assignment deadlines.
P057,UK,Scotland,22,Male,1,4.0,3.0,3.0,2.0,5.0,2.0,3.0,4.0,4.0,5.0,5.0,6.0,5.0,4.0,2.0,2.0,2.0,2.0,3.7142857142857144,5.0,2.0,"Balancing studies and socialising is tricky, but I prioritise."
P091,UK,England,28,Male,2,5.0,4.0,5.0,3.0,4.0,1.0,4.0,3.0,5.0,5.0,6.0,5.0,6.0,5.0,1.0,2.0,1.0,2.0,4.285714285714286,5.4,1.5,"Finances are tight, but part-time work covers basics."
P274,International,Malaysia,26,Female,1,2.0,3.0,3.0,3.0,3.0,3.0,3.0,3.0,3.0,5.0,6.0,6.0,6.0,7.0,2.0,2.0,2.0,2.0,2.857142857142857,6.0,2.0,Struggling with language barriers and feeling excluded in social groups.
P213,EU,Germany,32,Female,2,4.0,3.0,2.0,3.0,3.0,3.0,3.0,3.0,3.0,6.0,4.0,5.0,5.0,5.0,2.0,1.0,2.0,1.0,3.0,5.0,1.5,"Missing family holidays, but I've made memories with new friends."
P093,UK,England,23,Male,2,4.0,3.0,3.0,3.0,4.0,1.0,3.0,3.0,5.0,7.0,7.0,7.0,7.0,7.0,1.0,2.0,1.0,1.0,3.5714285714285716,7.0,1.25,I'd like clearer guidelines on assignment deadlines.
P134,EU,France,25,Male,1,4.0,5.0,3.0,3.0,4.0,3.0,4.0,3.0,3.0,6.0,5.0,5.0,5.0,5.0,3.0,2.0,1.0,2.0,3.7142857142857144,5.2,2.0,Navigating language nuances is tricky—British idioms catch me off guard.
P275,International,China,29,Male,3,3.0,4.0,4.0,3.0,3.0,3.0,3.0,3.0,3.0,4.0,3.0,3.0,3.0,4.0,1.0,1.0,1.0,1.0,3.2857142857142856,3.4,1.0,"Sometimes feel my culture is exoticized, which is hurtful."
P064,UK,Wales,30,Female,2,3.0,3.0,4.0,3.0,4.0,3.0,3.0,3.0,3.0,3.0,4.0,4.0,4.0,4.0,2.0,3.0,4.0,2.0,3.2857142857142856,3.8,2.75,Rent and bills are my biggest worry right now.
P149,EU,Italy,23,Female,2,3.0,2.0,2.0,4.0,2.0,3.0,3.0,2.0,3.0,6.0,5.0,6.0,6.0,6.0,1.0,2.0,1.0,2.0,2.4285714285714284,5.8,1.5,
P172,EU,Italy,28,Female,2,4.0,4.0,3.0,3.0,2.0,2.0,3.0,3.0,4.0,6.0,4.0,5.0,4.0,5.0,2.0,3.0,3.0,2.0,3.2857142857142856,4.8,2.5,"UK social life feels more formal than in Spain, but I'm learning to navigate it."
P223,International,Nigeria,24,Male,1,3.0,4.0,4.0,2.0,3.0,2.0,4.0,4.0,4.0,5.0,5.0,5.0,4.0,4.0,3.0,3.0,1.0,2.0,3.7142857142857144,4.6,2.25,"Cultural norms at home clash with university practices, causing confusion."
P156,EU,Germany,25,Female,1,3.0,4.0,2.0,3.0,3.0,2.0,3.0,3.0,4.0,7.0,6.0,6.0,5.0,6.0,2.0,2.0,2.0,3.0,3.142857142857143,6.0,2.25,"UK social life feels more formal than in Spain, but I'm learning to navigate it."
P044,UK,England,26,Male,1,5.0,3.0,4.0,2.0,5.0,1.0,5.0,4.0,5.0,5.0,5.0,5.0,6.0,6.0,1.0,1.0,1.0,1.0,4.428571428571429,5.4,1.0,"Group projects are stressful, but teamwork helps."
P138,EU,Germany,28,Female,2,5.0,3.0,4.0,2.0,4.0,2.0,5.0,4.0,4.0,7.0,6.0,7.0,7.0,6.0,1.0,1.0,1.0,1.0,4.142857142857143,6.6,1.0,Navigating language nuances is tricky—British idioms catch me off guard.
P238,International,China,23,Non-Binary,1,2.0,2.0,3.0,3.0,1.0,4.0,2.0,3.0,2.0,2.0,3.0,4.0,3.0,3.0,2.0,3.0,3.0,3.0,2.142857142857143,3.0,2.75,Missing family's cooking and traditions deeply affects my mood.
P285,International,China,24,Female,1,1.0,3.0,3.0,5.0,1.0,3.0,3.0,1.0,3.0,3.0,4.0,4.0,3.0,3.0,5.0,3.0,3.0,3.0,2.142857142857143,3.4,3.5,Microaggressions like 'You're so articulate' make me feel tokenized.
P107,UK,England,22,Male,1,3.0,3.0,2.0,4.0,3.0,4.0,3.0,2.0,2.0,4.0,5.0,5.0,6.0,4.0,2.0,2.0,3.0,2.0,2.5714285714285716,4.8,2.25,I'd like clearer guidelines on assignment deadlines.
P027,UK,Wales,21,Female,1,3.0,3.0,3.0,3.0,4.0,3.0,3.0,3.0,3.0,5.0,5.0,5.0,5.0,5.0,2.0,2.0,2.0,1.0,3.142857142857143,5.0,1.75,"Workload's tough, but I manage with time blocks and support groups."
P276,International,Kenya,27,Female,1,3.0,3.0,3.0,3.0,3.0,3.0,3.0,3.0,3.0,4.0,3.0,3.0,4.0,3.0,3.0,2.0,3.0,3.0,3.0,3.4,2.75,"Celebrate small wins, like passing exams, to stay motivated."
P097,UK,England,31,Female,1,4.0,5.0,4.0,3.0,3.0,2.0,3.0,3.0,4.0,5.0,5.0,7.0,7.0,6.0,1.0,1.0,1.0,2.0,3.7142857142857144,6.0,1.25,"Balancing studies and socialising is tricky, but I prioritise."
P224,International,India,21,Male,2,5.0,5.0,4.0,2.0,4.0,2.0,4.0,4.0,4.0,6.0,7.0,7.0,6.0,7.0,2.0,1.0,2.0,1.0,4.285714285714286,6.6,1.5,Microaggressions like 'You're so articulate' make me feel tokenized.
P004,UK,England,25,Female,1,5.0,4.0,,1.0,5.0,2.0,5.0,5.0,4.0,6.0,5.0,6.0,7.0,6.0,1.0,2.0,2.0,2.0,4.666666666666667,6.0,1.75,Budgeting is a skill I'm still learning.
P280,International,Nigeria,24,Non-Binary,2,3.0,3.0,3.0,3.0,3.0,2.0,4.0,3.0,4.0,2.0,3.0,4.0,3.0,3.0,5.0,5.0,5.0,5.0,3.2857142857142856,3.0,5.0,Struggling with language barriers and feeling excluded in social groups.
P045,UK,England,26,Female,1,4.0,3.0,3.0,3.0,4.0,3.0,4.0,3.0,3.0,4.0,3.0,4.0,4.0,4.0,2.0,2.0,2.0,1.0,3.4285714285714284,3.8,1.75,I'd love more mental health resources on campus.
P260,International,Malaysia,26,Male,2,4.0,3.0,4.0,2.0,3.0,3.0,3.0,4.0,3.0,2.0,3.0,2.0,2.0,3.0,3.0,3.0,3.0,3.0,3.4285714285714284,2.4,3.0,"Cultural norms at home clash with university practices, causing confusion."
P171,EU,Spain,23,Male,2,3.0,4.0,3.0,1.0,4.0,2.0,5.0,5.0,4.0,6.0,6.0,5.0,6.0,5.0,1.0,1.0,1.0,1.0,4.0,5.6,1.0,
P157,EU,Poland,24,Male,3,1.0,2.0,3.0,3.0,2.0,4.0,3.0,3.0,2.0,5.0,3.0,3.0,3.0,4.0,2.0,3.0,3.0,1.0,2.2857142857142856,3.6,2.25,"Language barriers are minor—most people are patient, but accents confuse me."
P261,International,Malaysia,21,Female,3,2.0,3.0,3.0,4.0,3.0,4.0,2.0,2.0,2.0,5.0,5.0,6.0,5.0,5.0,4.0,3.0,3.0,3.0,2.4285714285714284,5.2,3.25,Balancing school and part-time jobs leaves little time for self-care.
P151,EU,France,23,Male,3,4.0,3.0,4.0,,3.0,3.0,3.0,,3.0,7.0,6.0,7.0,6.0,6.0,3.0,3.0,3.0,2.0,3.3333333333333335,6.4,2.75,"The weather here is brutal, but I've adapted to the rhythm of grey skies."
P197,EU,Sweden,21,Female,1,4.0,4.0,3.0,3.0,4.0,2.0,4.0,3.0,4.0,5.0,4.0,4.0,3.0,4.0,3.0,4.0,3.0,3.0,3.7142857142857144,4.0,3.25,"The language is a hurdle, but I'm improving thanks to language apps and friends."
P271,International,China,25,Male,1,3.0,3.0,3.0,3.0,3.0,3.0,4.0,3.0,3.0,3.0,4.0,4.0,4.0,4.0,2.0,2.0,3.0,2.0,3.142857142857143,3.8,2.25,Microaggressions like 'You're so articulate' make me feel tokenized.
P087,UK,England,26,Female,1,3.0,4.0,3.0,3.0,2.0,2.0,3.0,3.0,4.0,4.0,5.0,5.0,5.0,5.0,,2.0,2.0,1.0,3.142857142857143,4.8,1.6666666666666667,Social life is great—lots of events and friends to keep me grounded.
P005,UK,Scotland,22,Female,2,3.0,3.0,3.0,2.0,4.0,1.0,3.0,4.0,5.0,6.0,5.0,6.0,6.0,5.0,2.0,2.0,2.0,2.0,3.5714285714285716,5.6,2.0,"Finances are tight, but part-time work covers basics."
P062,UK,Wales,26,Female,3,3.0,3.0,3.0,4.0,3.0,3.0,4.0,2.0,3.0,5.0,5.0,7.0,5.0,6.0,3.0,2.0,2.0,3.0,3.0,5.6,2.5,Budgeting is a skill I'm still learning.
P041,UK,England,27,Male,1,4.0,4.0,3.0,1.0,5.0,1.0,5.0,5.0,5.0,6.0,6.0,6.0,7.0,6.0,2.0,1.0,1.0,1.0,4.428571428571429,6.2,1.25,Workshops on time management would be helpful.
P206,EU,Spain,24,Non-Binary,1,3.0,4.0,4.0,2.0,4.0,2.0,5.0,4.0,4.0,7.0,6.0,6.0,7.0,6.0,2.0,1.0,2.0,3.0,4.0,6.4,2.0,Navigating language nuances is tricky—British idioms catch me off guard.
P187,EU,France,27,Female,1,4.0,4.0,4.0,2.0,4.0,2.0,5.0,4.0,4.0,6.0,6.0,5.0,5.0,6.0,2.0,3.0,1.0,1.0,4.142857142857143,5.6,1.75,"I'm loving the freedom to explore, but homesickness hits when I'm alone."
P007,UK,England,27,Non-Binary,1,3.0,4.0,5.0,2.0,4.0,2.0,3.0,4.0,4.0,5.0,4.0,4.0,4.0,6.0,2.0,3.0,2.0,2.0,3.857142857142857,4.6,2.25,Social life is great—lots of events and friends to keep me grounded.
P077,UK,England,25,Female,1,5.0,4.0,4.0,1.0,5.0,1.0,5.0,5.0,5.0,4.0,5.0,4.0,4.0,5.0,1.0,1.0,1.0,1.0,4.714285714285714,4.4,1.0,"Workload's tough, but I manage with time blocks and support groups."
P127,UK,England,27,Non-Binary,2,1.0,3.0,2.0,5.0,2.0,4.0,3.0,1.0,2.0,4.0,4.0,4.0,3.0,5.0,2.0,2.0,2.0,2.0,2.0,4.0,2.0,I'm glad my accommodation is near campus.
P218,International,Nigeria,21,Male,1,4.0,3.0,5.0,2.0,4.0,3.0,5.0,4.0,3.0,3.0,3.0,3.0,4.0,3.0,4.0,3.0,3.0,3.0,4.0,3.2,3.25,"The workload combined with cultural adjustment is exhausting, but I'm pushing through."
P267,International,Brazil,26,Female,2,3.0,3.0,2.0,3.0,3.0,,3.0,3.0,,3.0,3.0,2.0,2.0,4.0,4.0,3.0,4.0,4.0,2.8333333333333335,2.8,3.75,Juggling visa deadlines and financial aid applications is overwhelming.
P234,International,Kenya,25,Female,2,3.0,3.0,3.0,2.0,4.0,3.0,5.0,4.0,3.0,3.0,3.0,4.0,4.0,5.0,3.0,3.0,3.0,4.0,3.5714285714285716,3.8,3.25,Financial aid gaps force me to take on more debt.
P269,International,China,23,Non-Binary,2,2.0,3.0,3.0,3.0,1.0,4.0,3.0,3.0,2.0,3.0,3.0,3.0,3.0,3.0,5.0,5.0,4.0,4.0,2.4285714285714284,3.0,4.5,Sometimes feel my accent makes others dismiss my ideas.
P270,International,India,27,Male,1,3.0,4.0,4.0,2.0,3.0,2.0,5.0,4.0,4.0,5.0,6.0,4.0,6.0,5.0,3.0,2.0,2.0,2.0,3.857142857142857,5.2,2.25,Microaggressions like 'You're so articulate' make me feel tokenized.
P165,EU,France,30,Female,1,4.0,4.0,4.0,2.0,3.0,3.0,3.0,4.0,3.0,5.0,5.0,4.0,4.0,5.0,2.0,2.0,3.0,2.0,3.5714285714285716,4.6,2.25,"UK social scenes are quieter than I expected—more laid-back, but I've found great friends."
P073,UK,England,24,Female,3,4.0,4.0,3.0,1.0,3.0,3.0,3.0,5.0,3.0,5.0,5.0,6.0,5.0,5.0,3.0,2.0,2.0,2.0,3.5714285714285716,5.2,2.25,Everything's manageable—just need to stay organised.
P163,EU,Germany,27,Female,1,4.0,4.0,4.0,2.0,5.0,2.0,4.0,4.0,4.0,6.0,4.0,5.0,4.0,4.0,2.0,2.0,2.0,2.0,4.142857142857143,4.6,2.0,"Love the campus vibe, but miss my family's cooking."
P208,EU,Sweden,27,Female,1,3.0,3.0,4.0,2.0,3.0,3.0,3.0,4.0,3.0,5.0,5.0,4.0,4.0,4.0,2.0,3.0,2.0,3.0,3.2857142857142856,4.4,2.5,"Language barriers are minor—most people are patient, but accents confuse me."
P102,UK,England,21,Female,3,4.0,4.0,4.0,3.0,3.0,3.0,4.0,3.0,3.0,5.0,5.0,4.0,4.0,5.0,1.0,1.0,2.0,2.0,3.5714285714285716,4.6,1.5,Socialising helps me stay focused; I'd do more if I had time.
P120,UK,England,25,Female,2,4.0,4.0,3.0,3.0,4.0,2.0,3.0,3.0,4.0,5.0,4.0,5.0,5.0,5.0,2.0,1.0,2.0,2.0,3.5714285714285716,4.8,1.75,"My flat has a great vibe, but maintenance is slow."
P298,International,Malaysia,29,Female,1,2.0,3.0,3.0,3.0,3.0,3.0,4.0,3.0,3.0,4.0,5.0,4.0,4.0,4.0,3.0,2.0,2.0,2.0,3.0,4.2,2.25,"Celebrate small wins, like passing exams, to stay motivated."
P085,UK,Wales,24,Male,2,3.0,3.0,3.0,3.0,2.0,4.0,2.0,3.0,2.0,3.0,3.0,4.0,4.0,4.0,2.0,2.0,2.0,2.0,2.5714285714285716,3.6,2.0,Not really
P137,EU,France,21,Female,1,4.0,4.0,5.0,1.0,5.0,1.0,5.0,5.0,5.0,6.0,,5.0,5.0,5.0,1.0,1.0,1.0,1.0,4.714285714285714,5.25,1.0,"I'm loving the freedom to explore, but homesickness hits when I'm alone."
P296,International,Nigeria,24,Female,2,4.0,4.0,4.0,3.0,3.0,3.0,4.0,3.0,3.0,3.0,3.0,4.0,4.0,4.0,4.0,3.0,4.0,5.0,3.5714285714285716,3.6,4.0,"Made friends who've helped me adapt, but systemic bias remains."
P047,UK,England,21,Female,2,4.0,4.0,3.0,3.0,3.0,3.0,3.0,3.0,3.0,4.0,4.0,4.0,3.0,5.0,5.0,4.0,3.0,4.0,3.2857142857142856,4.0,4.0,
P116,UK,England,23,Female,2,4.0,5.0,4.0,2.0,4.0,1.0,4.0,4.0,5.0,6.0,7.0,7.0,7.0,7.0,1.0,1.0,1.0,1.0,4.285714285714286,6.8,1.0,I'd like clearer guidelines on assignment deadlines.
P207,EU,Germany,24,Female,3,4.0,5.0,4.0,2.0,4.0,2.0,5.0,4.0,4.0,5.0,5.0,6.0,4.0,4.0,1.0,2.0,3.0,2.0,4.285714285714286,4.8,2.0,"UK social scenes are quieter than I expected—more laid-back, but I've found great friends."
P175,EU,Spain,28,Non-Binary,1,2.0,2.0,2.0,4.0,2.0,4.0,2.0,2.0,2.0,4.0,5.0,4.0,4.0,4.0,3.0,3.0,3.0,3.0,2.0,4.2,3.0,"Financial stress is manageable, but I sometimes worry about future costs."
P055,UK,England,22,Female,1,2.0,2.0,1.0,3.0,2.0,4.0,2.0,3.0,2.0,4.0,4.0,4.0,4.0,4.0,3.0,3.0,2.0,2.0,2.0,4.0,2.5,"Balancing studies and socialising is tricky, but I prioritise."
P113,UK,Scotland,26,Female,1,3.0,3.0,4.0,2.0,4.0,2.0,4.0,4.0,4.0,5.0,7.0,5.0,7.0,6.0,2.0,2.0,2.0,2.0,3.7142857142857144,6.0,2.0,I miss home cooking but manage with budget meals.
P154,EU,Poland,25,Non-Binary,1,3.0,4.0,4.0,2.0,4.0,3.0,4.0,4.0,3.0,3.0,4.0,5.0,4.0,4.0,2.0,3.0,2.0,2.0,3.7142857142857144,4.0,2.25,"Missing my family's celebrations, but I've created new traditions here."
P067,UK,England,23,Non-Binary,3,3.0,4.0,4.0,2.0,4.0,4.0,3.0,4.0,2.0,6.0,5.0,5.0,6.0,5.0,2.0,2.0,2.0,2.0,3.4285714285714284,5.4,2.0,Not really
P248,International,China,28,Female,2,2.0,2.0,2.0,4.0,3.0,4.0,2.0,2.0,2.0,1.0,2.0,2.0,2.0,1.0,2.0,3.0,3.0,2.0,2.142857142857143,1.6,2.5,Small acts of kindness from peers make a big difference.
P038,UK,Scotland,26,Female,1,4.0,4.0,3.0,1.0,4.0,3.0,3.0,5.0,3.0,4.0,4.0,4.0,4.0,4.0,1.0,2.0,2.0,2.0,3.7142857142857144,4.0,1.75,I sometimes feel pressure to overcommit.
P257,International,Malaysia,21,Female,2,4.0,4.0,3.0,1.0,3.0,3.0,3.0,5.0,3.0,6.0,7.0,7.0,5.0,7.0,4.0,4.0,3.0,2.0,3.5714285714285716,6.4,3.25,"Learned to advocate for myself, which boosts my confidence."
P013,UK,England,26,Female,1,4.0,4.0,4.0,3.0,3.0,2.0,3.0,3.0,4.0,5.0,4.0,4.0,5.0,4.0,1.0,1.0,2.0,1.0,3.5714285714285716,4.4,1.25,Everything's manageable—just need to stay organised.
P066,UK,Northern Ireland,25,Female,2,4.0,5.0,5.0,2.0,4.0,2.0,4.0,4.0,4.0,5.0,6.0,6.0,6.0,5.0,2.0,1.0,2.0,2.0,4.285714285714286,5.6,1.75,Food costs are a struggle; campus cafes are pricey.
P010,UK,England,22,Female,1,3.0,4.0,3.0,2.0,4.0,3.0,4.0,4.0,3.0,5.0,6.0,5.0,5.0,6.0,2.0,3.0,2.0,2.0,3.5714285714285716,5.4,2.25,
P212,EU,France,26,Female,1,4.0,5.0,5.0,2.0,5.0,2.0,5.0,4.0,4.0,6.0,6.0,6.0,7.0,7.0,1.0,1.0,1.0,1.0,4.571428571428571,6.4,1.0,"Adjusting to UK culture has been smooth, but I miss my family's food and warm evenings at home."
P145,EU,Netherlands,25,Male,1,2.0,3.0,2.0,4.0,3.0,4.0,3.0,2.0,2.0,5.0,4.0,,5.0,5.0,1.0,1.0,1.0,1.0,2.4285714285714284,4.75,1.0,"The weather here is brutal, but I've adapted to the rhythm of grey skies."
P025,UK,England,25,Non-Binary,2,4.0,3.0,4.0,2.0,4.0,1.0,4.0,4.0,5.0,6.0,6.0,6.0,5.0,5.0,2.0,1.0,2.0,2.0,4.0,5.6,1.75,No
P272,International,South Korea,23,Non-Binary,1,3.0,3.0,1.0,4.0,3.0,3.0,3.0,2.0,3.0,4.0,5.0,4.0,6.0,5.0,3.0,1.0,2.0,2.0,2.5714285714285716,4.8,2.0,
P178,EU,Germany,22,Male,2,3.0,4.0,3.0,2.0,3.0,4.0,3.0,4.0,2.0,5.0,6.0,5.0,6.0,6.0,1.0,2.0,2.0,1.0,3.142857142857143,5.6,1.5,
P112,UK,England,26,Male,2,5.0,3.0,5.0,1.0,5.0,1.0,4.0,5.0,5.0,6.0,5.0,5.0,5.0,6.0,1.0,1.0,2.0,1.0,4.571428571428571,5.4,1.25,
P281,International,South Korea,24,Non-Binary,2,2.0,2.0,2.0,4.0,2.0,4.0,2.0,2.0,2.0,3.0,4.0,4.0,3.0,3.0,4.0,4.0,4.0,4.0,2.0,3.4,4.0,
P215,EU,Italy,21,Female,3,2.0,3.0,2.0,4.0,2.0,3.0,2.0,2.0,3.0,3.0,4.0,2.0,2.0,2.0,4.0,4.0,3.0,3.0,2.2857142857142856,2.6,3.5,"Adjusting to the pace of life here is harder than I thought, but I'm getting better."
P111,UK,England,30,Female,1,3.0,4.0,4.0,3.0,4.0,4.0,2.0,3.0,2.0,3.0,4.0,5.0,4.0,4.0,4.0,3.0,2.0,2.0,3.142857142857143,4.0,2.75,Social life is great—lots of events and friends to keep me grounded.
P227,International,India,27,Male,2,2.0,2.0,3.0,3.0,3.0,3.0,3.0,3.0,3.0,5.0,4.0,4.0,4.0,4.0,3.0,2.0,3.0,3.0,2.7142857142857144,4.2,2.75,"It's lonely sometimes, but I remind myself why I'm here."
P266,International,India,25,Female,2,3.0,3.0,3.0,2.0,3.0,2.0,2.0,4.0,4.0,5.0,5.0,4.0,5.0,6.0,4.0,4.0,4.0,3.0,3.142857142857143,5.0,3.75,"It's lonely sometimes, but I remind myself why I'm here."
P196,EU,Netherlands,25,Male,1,2.0,3.0,2.0,4.0,2.0,3.0,2.0,2.0,3.0,1.0,3.0,2.0,1.0,3.0,3.0,2.0,3.0,2.0,2.2857142857142856,2.0,2.5,"The weather here is brutal, but I've adapted to the rhythm of grey skies."
P209,EU,Poland,29,Female,1,3.0,3.0,3.0,3.0,2.0,4.0,3.0,3.0,2.0,4.0,4.0,4.0,3.0,4.0,2.0,2.0,2.0,3.0,2.7142857142857144,3.8,2.25,"Financial stress sometimes creeps in, but part-time work helps."
P049,UK,England,22,Female,2,4.0,4.0,5.0,3.0,3.0,3.0,4.0,3.0,3.0,6.0,5.0,6.0,5.0,5.0,2.0,1.0,2.0,1.0,3.7142857142857144,5.4,1.5,I feel supported by my peers and staff.
P017,UK,England,24,Male,1,4.0,3.0,3.0,2.0,3.0,2.0,3.0,4.0,4.0,5.0,5.0,5.0,5.0,5.0,1.0,2.0,2.0,2.0,3.4285714285714284,5.0,1.75,"Group projects are stressful, but teamwork helps."
P119,UK,Wales,26,Female,2,3.0,4.0,3.0,3.0,3.0,3.0,3.0,3.0,3.0,5.0,4.0,6.0,6.0,5.0,3.0,2.0,3.0,3.0,3.142857142857143,5.2,2.75,Social life is great—lots of events and friends to keep me grounded.
P246,International,Nigeria,26,Female,1,2.0,4.0,4.0,3.0,3.0,3.0,3.0,3.0,3.0,4.0,5.0,4.0,5.0,5.0,4.0,3.0,4.0,3.0,3.142857142857143,4.6,3.5,Found comfort in online communities but still feel isolated.
P142,EU,Italy,23,Female,1,5.0,4.0,4.0,2.0,4.0,2.0,5.0,4.0,4.0,5.0,6.0,5.0,5.0,6.0,1.0,1.0,1.0,1.0,4.285714285714286,5.4,1.0,"Financial stress is a constant, but I'm focusing on saving for the future."
P219,International,India,28,Male,1,3.0,3.0,3.0,4.0,3.0,2.0,2.0,2.0,4.0,3.0,2.0,3.0,3.0,3.0,3.0,4.0,3.0,3.0,2.857142857142857,2.8,3.25,Often feel like an outsider during campus events.
P015,UK,England,21,Male,1,5.0,4.0,4.0,2.0,4.0,2.0,3.0,4.0,4.0,5.0,6.0,6.0,5.0,6.0,1.0,2.0,2.0,1.0,4.0,5.6,1.5,Not really
P159,EU,France,27,Male,3,2.0,2.0,3.0,4.0,3.0,3.0,3.0,2.0,3.0,5.0,6.0,5.0,4.0,5.0,2.0,3.0,2.0,2.0,2.5714285714285716,5.0,2.25,"UK social scenes are quieter than I expected—more laid-back, but I've found great friends."
P034,UK,England,25,Female,2,4.0,4.0,4.0,2.0,3.0,2.0,4.0,4.0,4.0,6.0,7.0,7.0,7.0,,1.0,1.0,1.0,2.0,3.857142857142857,6.75,1.25,I miss home cooking but manage with budget meals.
P237,International,Brazil,24,Male,1,4.0,4.0,3.0,1.0,3.0,2.0,3.0,5.0,4.0,4.0,4.0,4.0,5.0,4.0,3.0,3.0,3.0,3.0,3.7142857142857144,4.2,3.0,"Celebrate small wins, like passing exams, to stay motivated."
P031,UK,England,21,Male,2,3.0,3.0,4.0,2.0,3.0,3.0,3.0,4.0,3.0,4.0,4.0,5.0,5.0,5.0,2.0,2.0,2.0,2.0,3.2857142857142856,4.6,2.0,Rent and bills are my biggest worry right now.
P181,EU,Netherlands,25,Female,2,4.0,4.0,4.0,3.0,4.0,2.0,4.0,3.0,4.0,7.0,6.0,6.0,6.0,6.0,1.0,1.0,2.0,1.0,3.857142857142857,6.2,1.25,"It's been challenging at times, but I'm proud of how much I've grown."
P122,UK,England,21,Male,1,4.0,4.0,2.0,4.0,4.0,1.0,4.0,2.0,5.0,7.0,7.0,6.0,7.0,7.0,2.0,2.0,2.0,1.0,3.5714285714285716,6.8,1.75,I'm glad my accommodation is near campus.
P054,UK,England,28,Male,2,3.0,4.0,4.0,2.0,3.0,1.0,3.0,4.0,5.0,6.0,6.0,6.0,4.0,5.0,1.0,1.0,1.0,1.0,3.7142857142857144,5.4,1.0,
P249,International,China,26,Female,1,4.0,2.0,2.0,3.0,2.0,3.0,3.0,3.0,3.0,5.0,5.0,5.0,5.0,6.0,3.0,4.0,3.0,3.0,2.7142857142857144,5.2,3.25,"Family support via video calls helps, but loneliness persists."
P289,International,Nigeria,21,Female,2,4.0,4.0,5.0,3.0,3.0,3.0,3.0,3.0,3.0,3.0,4.0,3.0,4.0,4.0,3.0,3.0,3.0,3.0,3.5714285714285716,3.6,3.0,Small acts of kindness from peers make a big difference.
P086,UK,England,29,Female,2,4.0,3.0,3.0,3.0,4.0,3.0,3.0,3.0,3.0,4.0,4.0,5.0,5.0,5.0,2.0,2.0,2.0,1.0,3.2857142857142856,4.6,1.75,I sometimes feel pressure to overcommit.
P081,UK,England,24,Female,1,5.0,5.0,5.0,1.0,4.0,1.0,4.0,5.0,5.0,5.0,5.0,5.0,6.0,4.0,1.0,1.0,1.0,1.0,4.714285714285714,5.0,1.0,"My flat has a great vibe, but maintenance is slow."
P002,UK,England,28,Male,1,3.0,3.0,3.0,3.0,3.0,3.0,2.0,3.0,3.0,2.0,4.0,3.0,3.0,3.0,1.0,2.0,2.0,2.0,2.857142857142857,3.0,1.75,
P118,UK,England,24,Male,1,3.0,3.0,4.0,4.0,2.0,3.0,3.0,2.0,3.0,4.0,4.0,5.0,5.0,5.0,2.0,1.0,2.0,2.0,2.857142857142857,4.6,1.75,Rent and bills are my biggest worry right now.
P287,International,Nigeria,25,Female,1,4.0,4.0,5.0,2.0,5.0,1.0,5.0,4.0,5.0,4.0,5.0,6.0,6.0,4.0,2.0,2.0,3.0,3.0,4.571428571428571,5.0,2.5,"It's lonely sometimes, but I remind myself why I'm here."
P133,EU,Poland,22,Female,2,3.0,3.0,3.0,4.0,3.0,4.0,3.0,2.0,2.0,4.0,4.0,5.0,4.0,4.0,3.0,2.0,3.0,3.0,2.7142857142857144,4.2,2.75,
P173,EU,Portugal,24,Male,2,3.0,3.0,3.0,2.0,3.0,4.0,3.0,4.0,2.0,4.0,4.0,4.0,4.0,5.0,2.0,2.0,3.0,2.0,3.0,4.2,2.25,"UK social life feels more formal than in Spain, but I'm learning to navigate it."
P009,UK,England,25,Male,3,4.0,4.0,3.0,2.0,4.0,3.0,3.0,4.0,3.0,6.0,5.0,5.0,6.0,6.0,2.0,1.0,2.0,1.0,3.5714285714285716,5.6,1.5,Budgeting is a skill I'm still learning.
P019,UK,Wales,27,Female,1,4.0,3.0,4.0,1.0,3.0,3.0,3.0,5.0,3.0,5.0,5.0,5.0,5.0,6.0,2.0,2.0,2.0,1.0,3.5714285714285716,5.2,1.75,No
P297,International,China,25,Female,3,4.0,4.0,5.0,2.0,5.0,2.0,4.0,4.0,4.0,5.0,6.0,6.0,6.0,4.0,1.0,1.0,1.0,1.0,4.285714285714286,5.4,1.0,"Family expects me to excel academically, adding pressure."
P129,UK,England,23,Female,1,4.0,3.0,5.0,2.0,4.0,2.0,4.0,4.0,4.0,6.0,7.0,6.0,7.0,6.0,1.0,1.0,1.0,1.0,4.0,6.4,1.0,Workshops on time management would be helpful.
P231,International,Malaysia,29,Female,3,2.0,3.0,2.0,4.0,3.0,3.0,3.0,2.0,3.0,5.0,3.0,4.0,4.0,4.0,3.0,3.0,4.0,2.0,2.5714285714285716,4.0,3.0,
P180,EU,France,30,Male,3,2.0,2.0,2.0,3.0,2.0,5.0,2.0,3.0,1.0,3.0,3.0,2.0,3.0,3.0,2.0,1.0,1.0,2.0,2.0,2.8,1.5,"Language nuances trip me up, but I'm getting better with practice."
P022,UK,England,27,Female,1,3.0,3.0,4.0,3.0,3.0,3.0,3.0,3.0,3.0,5.0,5.0,6.0,5.0,6.0,2.0,3.0,,2.0,3.142857142857143,5.4,2.3333333333333335,Social life is great—lots of events and friends to keep me grounded.
P006,UK,England,25,Non-Binary,2,,4.0,4.0,2.0,4.0,1.0,5.0,4.0,5.0,5.0,4.0,5.0,5.0,5.0,1.0,1.0,1.0,2.0,4.333333333333333,4.8,1.25,Social life is great—lots of events and friends to keep me grounded.
P058,UK,England,24,Male,1,5.0,3.0,2.0,2.0,3.0,3.0,3.0,4.0,3.0,4.0,4.0,4.0,4.0,4.0,2.0,1.0,1.0,2.0,3.2857142857142856,4.0,1.5,"Lectures are engaging, but reading lists are overwhelming."
P259,International,Brazil,24,Male,2,3.0,5.0,4.0,2.0,3.0,2.0,3.0,4.0,4.0,4.0,3.0,3.0,4.0,2.0,3.0,2.0,3.0,3.0,3.7142857142857144,3.2,2.75,"Learned to advocate for myself, which boosts my confidence."
P203,EU,Sweden,21,Male,1,3.0,4.0,3.0,3.0,3.0,2.0,3.0,3.0,4.0,3.0,5.0,3.0,2.0,3.0,3.0,3.0,2.0,3.0,3.2857142857142856,3.2,2.75,"Financial stress is a constant, but I'm focusing on saving for the future."
P099,UK,Scotland,22,Female,2,4.0,4.0,5.0,2.0,4.0,2.0,3.0,4.0,4.0,5.0,5.0,5.0,5.0,6.0,2.0,2.0,2.0,2.0,4.0,5.2,2.0,"Workload's tough, but I manage with time blocks and support groups."
P090,UK,England,28,Female,1,3.0,3.0,3.0,3.0,4.0,2.0,5.0,3.0,4.0,4.0,5.0,5.0,4.0,4.0,2.0,2.0,1.0,2.0,3.5714285714285716,4.4,1.75,Food costs are a struggle; campus cafes are pricey.
P214,EU,Netherlands,26,Female,1,2.0,3.0,3.0,4.0,3.0,4.0,2.0,2.0,2.0,4.0,5.0,4.0,4.0,4.0,2.0,2.0,1.0,2.0,2.4285714285714284,4.2,1.75,"I'm loving the freedom to explore, but homesickness hits when I'm alone."
P189,EU,Spain,25,Male,3,3.0,3.0,4.0,3.0,3.0,2.0,3.0,3.0,4.0,4.0,4.0,4.0,4.0,5.0,3.0,3.0,3.0,3.0,3.2857142857142856,4.2,3.0,"Adjusting to UK culture took time, but the support from my university made it easier."
P072,UK,Northern Ireland,26,Female,2,3.0,4.0,3.0,3.0,3.0,3.0,3.0,3.0,3.0,7.0,7.0,6.0,5.0,7.0,2.0,1.0,1.0,2.0,3.142857142857143,6.4,1.5,"Lectures are engaging, but reading lists are overwhelming."
P232,International,India,21,Male,1,5.0,3.0,4.0,3.0,5.0,2.0,4.0,3.0,4.0,5.0,6.0,4.0,4.0,5.0,1.0,1.0,2.0,2.0,4.0,4.8,1.5,"Cultural adjustment is tough, but I'm learning to navigate it."
P068,UK,Scotland,29,Male,2,2.0,3.0,2.0,3.0,2.0,2.0,3.0,3.0,4.0,5.0,4.0,5.0,4.0,4.0,2.0,2.0,2.0,3.0,2.7142857142857144,4.4,2.25,Rent and bills are my biggest worry right now.
P128,UK,England,32,Female,1,3.0,4.0,3.0,4.0,2.0,3.0,3.0,2.0,3.0,3.0,3.0,3.0,4.0,3.0,2.0,2.0,1.0,2.0,2.857142857142857,3.2,1.75,Nothing to add
P144,EU,France,27,Female,2,4.0,2.0,3.0,4.0,2.0,3.0,2.0,2.0,3.0,4.0,3.0,5.0,5.0,4.0,3.0,2.0,3.0,3.0,2.5714285714285716,4.2,2.75,"UK social scenes are quieter than I expected—more laid-back, but I've found great friends."
P071,UK,England,28,Female,1,3.0,3.0,2.0,3.0,2.0,4.0,2.0,3.0,2.0,5.0,4.0,4.0,5.0,4.0,2.0,1.0,2.0,1.0,2.4285714285714284,4.4,1.5,I'd like clearer guidelines on assignment deadlines.
P278,International,China,23,Female,2,2.0,1.0,2.0,4.0,2.0,4.0,2.0,2.0,2.0,3.0,2.0,2.0,3.0,3.0,3.0,3.0,4.0,3.0,1.8571428571428572,2.6,3.25,"Sometimes feel my culture is exoticized, which is hurtful."
P140,EU,Germany,27,Male,2,3.0,3.0,2.0,4.0,2.0,3.0,3.0,2.0,3.0,4.0,4.0,4.0,4.0,4.0,4.0,3.0,3.0,3.0,2.5714285714285716,4.0,3.25,"Adjusting to the pace of life here is harder than I thought, but I'm getting better."
P265,International,Pakistan,23,Female,2,4.0,3.0,3.0,3.0,3.0,3.0,3.0,3.0,3.0,2.0,3.0,3.0,2.0,2.0,3.0,4.0,4.0,4.0,3.142857142857143,2.4,3.75,"Some professors assume I lack motivation, which isn't true."
P075,UK,England,32,Male,1,3.0,3.0,3.0,3.0,3.0,3.0,4.0,3.0,3.0,4.0,6.0,5.0,5.0,4.0,1.0,1.0,2.0,1.0,3.142857142857143,4.8,1.25,"Balancing studies and socialising is tricky, but I prioritise."
P158,EU,France,24,Non-Binary,1,4.0,4.0,3.0,3.0,3.0,2.0,3.0,3.0,4.0,4.0,5.0,5.0,5.0,5.0,2.0,2.0,1.0,2.0,3.4285714285714284,4.8,1.75,"Missing my home country's cuisine, but I'm learning to cook my own dishes."
P217,International,China,29,Female,2,3.0,2.0,2.0,4.0,2.0,3.0,2.0,2.0,3.0,5.0,5.0,5.0,5.0,5.0,3.0,2.0,3.0,3.0,2.2857142857142856,5.0,2.75,Sometimes feel my accent makes others dismiss my ideas.
P283,International,India,28,Male,2,2.0,1.0,1.0,5.0,1.0,4.0,2.0,1.0,2.0,1.0,1.0,1.0,1.0,1.0,5.0,4.0,5.0,5.0,1.4285714285714286,1.0,4.75,"Discrimination in campus services, like being ignored by staff."
P204,EU,Italy,26,Female,1,3.0,3.0,2.0,3.0,2.0,4.0,3.0,3.0,2.0,5.0,4.0,5.0,4.0,5.0,3.0,3.0,2.0,2.0,2.5714285714285716,4.6,2.5,"The language is a hurdle, but I'm improving thanks to language apps and friends."
P040,UK,Scotland,28,Male,1,5.0,4.0,4.0,2.0,4.0,2.0,3.0,4.0,4.0,6.0,6.0,5.0,5.0,6.0,3.0,2.0,3.0,2.0,4.0,5.6,2.5,I feel supported by my peers and staff.
P288,International,China,27,Female,2,4.0,3.0,4.0,3.0,4.0,2.0,4.0,3.0,4.0,5.0,4.0,6.0,5.0,6.0,2.0,3.0,2.0,3.0,3.7142857142857144,5.2,2.5,
P264,International,India,21,Non-Binary,1,2.0,4.0,4.0,3.0,3.0,3.0,3.0,3.0,3.0,4.0,3.0,4.0,3.0,3.0,2.0,2.0,2.0,2.0,3.142857142857143,3.4,2.0,Often feel like an outsider during campus events.
P236,International,China,24,Male,2,3.0,2.0,4.0,4.0,4.0,2.0,2.0,2.0,4.0,6.0,5.0,6.0,5.0,6.0,2.0,2.0,2.0,1.0,3.0,5.6,1.75,Missing family's cooking and traditions deeply affects my mood.
P039,UK,England,21,Male,3,4.0,4.0,4.0,3.0,4.0,2.0,4.0,3.0,4.0,5.0,6.0,5.0,5.0,5.0,1.0,1.0,2.0,1.0,3.857142857142857,5.2,1.25,No
P117,UK,England,25,Female,1,5.0,5.0,4.0,1.0,5.0,1.0,5.0,5.0,5.0,7.0,7.0,7.0,7.0,7.0,1.0,2.0,2.0,2.0,4.857142857142857,7.0,1.75,Socialising helps me stay focused; I'd do more if I had time.
P098,UK,England,25,Male,1,5.0,5.0,5.0,1.0,5.0,2.0,5.0,5.0,4.0,4.0,4.0,3.0,3.0,4.0,3.0,2.0,2.0,2.0,4.857142857142857,3.6,2.25,"Balancing studies and socialising is tricky, but I prioritise."
P225,International,China,26,Male,1,3.0,4.0,2.0,3.0,2.0,3.0,3.0,3.0,3.0,5.0,4.0,6.0,5.0,5.0,3.0,2.0,1.0,2.0,2.857142857142857,5.0,2.0,
P176,EU,France,29,Female,2,4.0,4.0,5.0,3.0,3.0,1.0,3.0,3.0,5.0,5.0,5.0,5.0,5.0,6.0,3.0,3.0,3.0,2.0,3.857142857142857,5.2,2.75,"The language is a hurdle, but I'm improving thanks to language apps and friends."
P023,UK,Scotland,25,Female,1,3.0,3.0,3.0,2.0,3.0,3.0,3.0,4.0,3.0,5.0,6.0,6.0,6.0,6.0,2.0,1.0,1.0,1.0,3.142857142857143,5.8,1.25,Late-night study sessions are common but I try to sleep.
P155,EU,Spain,27,Male,1,4.0,4.0,4.0,2.0,3.0,3.0,4.0,4.0,3.0,6.0,4.0,5.0,5.0,6.0,1.0,1.0,1.0,1.0,3.7142857142857144,5.2,1.0,UK culture feels polite but distant—struggling to feel fully connected.
P160,EU,Italy,23,Female,1,4.0,4.0,3.0,3.0,3.0,2.0,4.0,3.0,4.0,7.0,7.0,7.0,7.0,7.0,2.0,2.0,2.0,2.0,3.5714285714285716,7.0,2.0,"The language is a hurdle, but I'm improving thanks to language apps and friends."
P139,EU,Spain,22,Female,2,3.0,4.0,2.0,3.0,3.0,3.0,3.0,3.0,3.0,5.0,5.0,6.0,5.0,6.0,2.0,2.0,1.0,3.0,3.0,5.4,2.0,"Financial stress is a constant, but I'm focusing on saving for the future."
P290,International,Pakistan,24,Female,1,3.0,3.0,3.0,3.0,4.0,3.0,2.0,3.0,3.0,4.0,4.0,4.0,4.0,4.0,2.0,2.0,2.0,2.0,3.0,4.0,2.0,
P026,UK,England,25,Male,1,4.0,4.0,2.0,4.0,3.0,2.0,4.0,2.0,4.0,,5.0,5.0,5.0,3.0,2.0,2.0,2.0,1.0,3.2857142857142856,4.5,1.75,Rent and bills are my biggest worry right now.
P014,UK,England,32,Female,1,3.0,3.0,3.0,3.0,2.0,2.0,3.0,3.0,4.0,5.0,5.0,5.0,6.0,5.0,3.0,2.0,2.0,4.0,3.0,5.2,2.75,Rent and bills are my biggest worry right now.
P146,EU,Netherlands,27,Female,2,3.0,3.0,4.0,3.0,4.0,2.0,5.0,3.0,4.0,4.0,5.0,4.0,3.0,4.0,1.0,2.0,2.0,1.0,3.7142857142857144,4.0,1.5,"UK social scenes are quieter than I expected—more laid-back, but I've found great friends."
P194,EU,Germany,24,Male,2,2.0,2.0,2.0,3.0,2.0,4.0,2.0,3.0,2.0,3.0,4.0,3.0,3.0,4.0,1.0,1.0,2.0,1.0,2.142857142857143,3.4,1.25,"It's been challenging at times, but I'm proud of how much I've grown."
P200,EU,France,24,Female,1,4.0,3.0,4.0,4.0,3.0,2.0,3.0,2.0,4.0,3.0,3.0,4.0,3.0,3.0,2.0,2.0,3.0,2.0,3.2857142857142856,3.2,2.25,
P059,UK,England,25,Female,1,4.0,,3.0,3.0,4.0,2.0,3.0,3.0,4.0,7.0,7.0,7.0,7.0,7.0,2.0,2.0,2.0,1.0,3.5,7.0,1.75,"Finances are tight, but part-time work covers basics."
P226,International,Nigeria,26,Male,1,3.0,4.0,3.0,3.0,4.0,3.0,3.0,3.0,3.0,5.0,5.0,5.0,4.0,4.0,5.0,5.0,4.0,5.0,3.2857142857142856,4.6,4.75,Microaggressions like 'You're so articulate' make me feel tokenized.
P221,International,India,21,Female,2,4.0,4.0,5.0,2.0,4.0,2.0,5.0,4.0,4.0,5.0,3.0,5.0,5.0,4.0,3.0,2.0,1.0,3.0,4.285714285714286,4.4,2.25,Financial aid gaps force me to take on more debt.
P065,UK,Wales,24,Female,1,5.0,4.0,4.0,3.0,5.0,1.0,5.0,3.0,5.0,5.0,4.0,5.0,5.0,5.0,3.0,2.0,2.0,2.0,4.428571428571429,4.8,2.25,
P252,International,China,23,Male,2,1.0,2.0,1.0,3.0,3.0,4.0,2.0,3.0,2.0,2.0,3.0,2.0,3.0,3.0,5.0,5.0,5.0,5.0,2.0,2.6,5.0,"Family expects me to excel academically, adding pressure."
P205,EU,Spain,33,Female,2,4.0,5.0,5.0,1.0,5.0,2.0,5.0,5.0,4.0,5.0,5.0,5.0,4.0,5.0,1.0,2.0,2.0,1.0,4.714285714285714,4.8,1.5,"Missing family holidays, but I've made memories with new friends."
P053,UK,Scotland,28,Non-Binary,2,4.0,4.0,4.0,2.0,4.0,3.0,4.0,4.0,3.0,6.0,5.0,5.0,5.0,4.0,2.0,2.0,2.0,3.0,3.857142857142857,5.0,2.25,Food costs are a struggle; campus cafes are pricey.
P100,UK,England,26,Female,1,4.0,2.0,3.0,2.0,2.0,2.0,4.0,4.0,4.0,6.0,6.0,5.0,5.0,6.0,2.0,1.0,1.0,1.0,3.2857142857142856,5.6,1.25,"My flat has a great vibe, but maintenance is slow."
P035,UK,England,24,Female,2,4.0,4.0,5.0,2.0,5.0,2.0,4.0,4.0,4.0,4.0,4.0,5.0,5.0,6.0,2.0,2.0,2.0,2.0,4.285714285714286,4.8,2.0,I've made great friends through clubs and societies.
P079,UK,England,28,Female,2,4.0,5.0,5.0,2.0,5.0,2.0,4.0,4.0,4.0,4.0,5.0,4.0,4.0,3.0,1.0,1.0,1.0,1.0,4.428571428571429,4.0,1.0,Not really
P293,International,China,23,Female,2,3.0,2.0,4.0,3.0,3.0,2.0,3.0,3.0,4.0,3.0,5.0,4.0,3.0,4.0,3.0,,3.0,3.0,3.142857142857143,3.8,3.0,Microaggressions like 'You're so articulate' make me feel tokenized.
P121,UK,England,23,Female,1,4.0,4.0,4.0,2.0,3.0,2.0,,4.0,4.0,5.0,5.0,6.0,6.0,6.0,1.0,2.0,2.0,2.0,3.8333333333333335,5.6,1.75,I'd love more mental health resources on campus.
P185,EU,Poland,23,Male,1,4.0,3.0,4.0,2.0,4.0,3.0,4.0,4.0,3.0,5.0,4.0,5.0,4.0,4.0,4.0,3.0,3.0,2.0,3.7142857142857144,4.4,3.0,"The weather here is brutal, but I've adapted to the rhythm of grey skies."
P294,International,China,21,Female,2,3.0,3.0,2.0,3.0,2.0,3.0,4.0,3.0,3.0,5.0,4.0,6.0,5.0,4.0,3.0,4.0,,4.0,2.857142857142857,4.8,3.6666666666666665,Found comfort in online communities but still feel isolated.
P168,EU,Netherlands,24,Male,2,4.0,3.0,3.0,3.0,3.0,3.0,2.0,3.0,3.0,3.0,3.0,2.0,4.0,3.0,2.0,2.0,3.0,2.0,3.0,3.0,2.25,"Language nuances trip me up, but I'm getting better with practice."
P201,EU,France,24,Female,1,3.0,2.0,3.0,4.0,2.0,4.0,3.0,2.0,2.0,4.0,4.0,4.0,5.0,4.0,2.0,2.0,2.0,2.0,2.4285714285714284,4.2,2.0,"Financial stress is a constant, but I'm focusing on saving for the future."
P070,UK,England,25,Female,1,4.0,5.0,4.0,2.0,,2.0,5.0,4.0,4.0,5.0,6.0,7.0,6.0,6.0,1.0,1.0,1.0,1.0,4.333333333333333,6.0,1.0,I'm glad my accommodation is near campus.
P188,EU,Spain,21,Male,3,3.0,4.0,4.0,2.0,3.0,2.0,4.0,4.0,4.0,4.0,4.0,4.0,4.0,4.0,3.0,2.0,3.0,2.0,3.7142857142857144,4.0,2.5,
P174,EU,Poland,23,Female,2,2.0,2.0,2.0,3.0,2.0,3.0,3.0,3.0,3.0,3.0,2.0,4.0,2.0,2.0,2.0,2.0,2.0,3.0,2.4285714285714284,2.6,2.25,"Missing family holidays, but I've made memories with new friends."
P029,UK,England,28,Male,1,4.0,5.0,5.0,1.0,4.0,1.0,5.0,5.0,5.0,7.0,6.0,5.0,7.0,7.0,2.0,1.0,1.0,1.0,4.714285714285714,6.4,1.25,I'd like clearer guidelines on assignment deadlines.
P136,EU,Poland,24,Female,1,3.0,4.0,3.0,3.0,3.0,2.0,3.0,3.0,4.0,6.0,4.0,5.0,5.0,5.0,2.0,3.0,2.0,2.0,3.2857142857142856,5.0,2.25,"The UK's social scene is different, but I've found my niche in student groups."
P132,EU,Spain,29,Male,3,4.0,3.0,3.0,3.0,3.0,3.0,3.0,3.0,3.0,5.0,5.0,4.0,6.0,4.0,3.0,2.0,3.0,2.0,3.142857142857143,4.8,2.5,"The weather here is brutal, but I've adapted to the rhythm of grey skies."
P273,International,China,25,Male,3,3.0,3.0,3.0,3.0,4.0,4.0,3.0,3.0,2.0,4.0,4.0,5.0,5.0,5.0,3.0,2.0,3.0,3.0,3.0,4.6,2.75,
P166,EU,Netherlands,24,Male,2,2.0,2.0,2.0,4.0,1.0,5.0,3.0,2.0,1.0,4.0,3.0,4.0,3.0,3.0,2.0,2.0,2.0,2.0,1.8571428571428572,3.4,2.0,"Financial stress is a constant, but I'm focusing on saving for the future."
P210,EU,Spain,27,Female,1,3.0,3.0,2.0,4.0,3.0,4.0,3.0,2.0,2.0,2.0,2.0,2.0,1.0,2.0,2.0,2.0,3.0,2.0,2.5714285714285716,1.8,2.25,
P043,UK,England,26,Male,1,3.0,3.0,3.0,4.0,2.0,3.0,,2.0,3.0,3.0,4.0,4.0,3.0,3.0,2.0,2.0,2.0,2.0,2.6666666666666665,3.4,2.0,Socialising helps me stay focused; I'd do more if I had time.
P024,UK,England,33,Male,1,3.0,5.0,4.0,3.0,4.0,2.0,2.0,3.0,4.0,5.0,4.0,5.0,4.0,5.0,1.0,1.0,1.0,1.0,3.5714285714285716,4.6,1.0,"Lectures are engaging, but reading lists are overwhelming."
P092,UK,England,25,Male,2,4.0,3.0,4.0,2.0,3.0,3.0,3.0,4.0,3.0,5.0,4.0,4.0,5.0,4.0,3.0,3.0,3.0,4.0,3.4285714285714284,4.4,3.25,I miss home cooking but manage with budget meals.
P279,International,China,23,Female,2,4.0,3.0,3.0,2.0,3.0,3.0,3.0,4.0,3.0,4.0,4.0,5.0,5.0,4.0,2.0,2.0,2.0,2.0,3.2857142857142856,4.4,2.0,Microaggressions like 'You're so articulate' make me feel tokenized.
P183,EU,Spain,27,Female,2,2.0,3.0,3.0,4.0,2.0,3.0,3.0,2.0,3.0,4.0,5.0,4.0,5.0,4.0,2.0,2.0,3.0,3.0,2.5714285714285716,4.4,2.5,"Language nuances trip me up, but I'm getting better with practice."
P088,UK,England,22,Female,2,4.0,4.0,3.0,2.0,4.0,3.0,4.0,4.0,3.0,5.0,4.0,5.0,6.0,5.0,3.0,2.0,1.0,2.0,3.7142857142857144,5.0,2.0,I sometimes feel pressure to overcommit.
P042,UK,England,28,Male,1,4.0,2.0,3.0,2.0,3.0,2.0,2.0,4.0,4.0,5.0,4.0,5.0,4.0,4.0,3.0,2.0,2.0,3.0,3.142857142857143,4.4,2.5,
P101,UK,England,23,Female,1,2.0,2.0,3.0,4.0,1.0,4.0,2.0,2.0,2.0,4.0,5.0,4.0,4.0,3.0,2.0,1.0,1.0,1.0,2.0,4.0,1.25,"Finances are tight, but part-time work covers basics."
P247,International,Nigeria,23,Male,2,3.0,3.0,3.0,3.0,3.0,3.0,3.0,3.0,3.0,5.0,6.0,6.0,4.0,6.0,1.0,1.0,2.0,1.0,3.0,5.4,1.25,Juggling visa deadlines and financial aid applications is overwhelming.
P095,UK,Scotland,22,Female,1,4.0,3.0,,1.0,3.0,2.0,4.0,5.0,4.0,4.0,4.0,4.0,5.0,4.0,2.0,2.0,2.0,2.0,3.8333333333333335,4.2,2.0,"Balancing studies and socialising is tricky, but I prioritise."
P076,UK,England,25,Non-Binary,1,3.0,4.0,3.0,2.0,3.0,3.0,4.0,4.0,3.0,7.0,7.0,6.0,5.0,6.0,3.0,3.0,3.0,3.0,3.4285714285714284,6.2,3.0,I've made great friends through clubs and societies.
P032,UK,England,25,Male,1,4.0,4.0,4.0,2.0,4.0,2.0,2.0,4.0,4.0,4.0,4.0,3.0,4.0,4.0,1.0,1.0,1.0,1.0,3.7142857142857144,3.8,1.0,"Group projects are stressful, but teamwork helps."
P191,EU,Germany,22,Female,1,5.0,4.0,4.0,2.0,4.0,3.0,4.0,4.0,3.0,5.0,6.0,4.0,5.0,6.0,2.0,1.0,2.0,1.0,4.0,5.2,1.5,"Financial stress sometimes creeps in, but part-time work helps."
P192,EU,Spain,23,Male,2,4.0,4.0,4.0,2.0,4.0,3.0,4.0,4.0,3.0,4.0,5.0,4.0,4.0,5.0,2.0,2.0,2.0,2.0,3.857142857142857,4.4,2.0,"Financial stress is manageable, but I sometimes worry about future costs."
P094,UK,England,28,Female,1,5.0,4.0,4.0,2.0,3.0,2.0,5.0,4.0,4.0,4.0,4.0,4.0,4.0,4.0,1.0,2.0,2.0,2.0,4.142857142857143,4.0,1.75,I'm glad my accommodation is near campus.
P046,UK,England,27,Male,2,4.0,4.0,4.0,3.0,4.0,2.0,4.0,3.0,4.0,6.0,6.0,6.0,6.0,5.0,2.0,2.0,1.0,1.0,3.857142857142857,5.8,1.5,"Finances are tight, but part-time work covers basics."
P162,EU,Germany,25,Male,1,3.0,4.0,2.0,1.0,3.0,3.0,3.0,5.0,3.0,3.0,4.0,4.0,4.0,5.0,2.0,3.0,2.0,2.0,3.2857142857142856,4.0,2.25,
P109,UK,England,23,Male,1,4.0,3.0,4.0,3.0,2.0,3.0,4.0,3.0,3.0,3.0,3.0,3.0,4.0,4.0,2.0,3.0,2.0,3.0,3.2857142857142856,3.4,2.5,Rent and bills are my biggest worry right now.
P106,UK,England,23,Female,1,4.0,5.0,4.0,3.0,5.0,1.0,5.0,3.0,5.0,3.0,5.0,5.0,5.0,5.0,1.0,2.0,2.0,1.0,4.428571428571429,4.6,1.5,"Lectures are engaging, but reading lists are overwhelming."
P150,EU,Poland,27,Male,1,4.0,3.0,3.0,2.0,3.0,4.0,3.0,4.0,2.0,5.0,5.0,5.0,5.0,5.0,3.0,2.0,4.0,3.0,3.142857142857143,5.0,3.0,
P030,UK,England,21,Male,1,4.0,4.0,4.0,3.0,3.0,3.0,4.0,3.0,3.0,5.0,6.0,6.0,6.0,6.0,2.0,3.0,2.0,2.0,3.5714285714285716,5.8,2.25,Socialising helps me stay focused; I'd do more if I had time.
P182,EU,Poland,24,Female,2,4.0,3.0,4.0,2.0,3.0,3.0,4.0,4.0,3.0,5.0,5.0,4.0,5.0,4.0,2.0,3.0,2.0,2.0,3.5714285714285716,4.6,2.25,
P110,UK,England,22,Female,1,4.0,3.0,4.0,2.0,4.0,3.0,4.0,4.0,3.0,4.0,4.0,5.0,5.0,5.0,1.0,1.0,2.0,2.0,3.7142857142857144,4.6,1.5,Budgeting is a skill I'm still learning.
P164,EU,Sweden,24,Female,3,3.0,4.0,3.0,3.0,3.0,3.0,2.0,3.0,3.0,5.0,4.0,4.0,5.0,4.0,3.0,3.0,4.0,3.0,3.0,4.4,3.25,
P123,UK,Scotland,25,Female,1,4.0,4.0,3.0,1.0,4.0,2.0,4.0,5.0,4.0,5.0,6.0,5.0,6.0,6.0,1.0,1.0,1.0,,4.0,5.6,1.0,I feel supported by my peers and staff.
P028,UK,Wales,23,Female,1,4.0,4.0,4.0,2.0,5.0,3.0,4.0,4.0,3.0,5.0,5.0,5.0,6.0,6.0,2.0,2.0,1.0,1.0,4.0,5.4,1.5,Socialising helps me stay focused; I'd do more if I had time.
P105,UK,England,24,Female,2,3.0,3.0,3.0,2.0,2.0,3.0,3.0,4.0,3.0,5.0,4.0,5.0,5.0,4.0,3.0,3.0,3.0,2.0,3.0,4.6,2.75,Not really
P061,UK,England,31,Male,1,4.0,3.0,3.0,3.0,3.0,3.0,3.0,3.0,3.0,4.0,4.0,4.0,3.0,3.0,2.0,2.0,3.0,2.0,3.142857142857143,3.6,2.25,Nothing to add
P147,EU,Germany,24,Male,1,3.0,3.0,3.0,2.0,4.0,2.0,4.0,4.0,4.0,6.0,5.0,6.0,5.0,6.0,3.0,2.0,2.0,2.0,3.5714285714285716,5.6,2.25,"Missing my home country's cuisine, but I'm learning to cook my own dishes."
P084,UK,Scotland,23,Female,2,4.0,4.0,4.0,1.0,4.0,2.0,3.0,5.0,4.0,5.0,6.0,6.0,6.0,5.0,1.0,1.0,1.0,2.0,4.0,5.6,1.25,"My accommodation is modern, but rent's rising fast."
P235,International,Nigeria,21,Male,2,4.0,3.0,4.0,2.0,3.0,3.0,3.0,4.0,3.0,6.0,5.0,5.0,5.0,5.0,3.0,2.0,2.0,2.0,3.4285714285714284,5.2,2.25,
P284,International,India,27,Female,1,2.0,2.0,2.0,3.0,2.0,3.0,3.0,3.0,3.0,3.0,2.0,2.0,2.0,2.0,4.0,3.0,3.0,3.0,2.4285714285714284,2.2,3.25,
P195,EU,Spain,23,Male,3,3.0,3.0,,3.0,3.0,4.0,3.0,3.0,2.0,4.0,5.0,5.0,5.0,6.0,2.0,1.0,2.0,3.0,2.8333333333333335,5.0,2.0,"It's been challenging at times, but I'm proud of how much I've grown."
P244,International,Malaysia,24,Female,2,4.0,4.0,3.0,3.0,3.0,2.0,4.0,3.0,4.0,5.0,5.0,4.0,5.0,6.0,2.0,2.0,2.0,3.0,3.5714285714285716,5.0,2.25,"Celebrate small wins, like passing exams, to stay motivated."
P126,UK,England,26,Male,1,3.0,3.0,3.0,3.0,3.0,2.0,2.0,3.0,4.0,3.0,2.0,1.0,3.0,2.0,3.0,3.0,2.0,3.0,3.0,2.2,2.75,Social life is great—lots of events and friends to keep me grounded.
P167,EU,Portugal,24,Female,2,3.0,3.0,3.0,2.0,3.0,3.0,4.0,4.0,3.0,6.0,6.0,6.0,7.0,7.0,2.0,1.0,1.0,1.0,3.2857142857142856,6.4,1.25,"Financial stress sometimes creeps in, but part-time work helps."
P241,International,Kenya,24,Female,1,5.0,4.0,4.0,1.0,4.0,1.0,4.0,5.0,5.0,2.0,4.0,2.0,2.0,2.0,4.0,3.0,3.0,3.0,4.428571428571429,2.4,3.25,
P254,International,India,23,Female,3,3.0,3.0,3.0,2.0,3.0,4.0,3.0,4.0,2.0,3.0,4.0,5.0,4.0,4.0,3.0,5.0,4.0,4.0,3.0,4.0,4.0,"Celebrate small wins, like passing exams, to stay motivated."
P228,International,China,23,Female,1,3.0,4.0,3.0,3.0,3.0,2.0,4.0,3.0,4.0,3.0,4.0,3.0,3.0,3.0,4.0,4.0,4.0,2.0,3.4285714285714284,3.2,3.5,"Sometimes feel my culture is exoticized, which is hurtful."
P282,International,South Korea,22,Female,3,3.0,2.0,2.0,3.0,3.0,2.0,2.0,3.0,4.0,4.0,4.0,4.0,4.0,4.0,3.0,3.0,3.0,4.0,2.7142857142857144,4.0,3.25,"Learned to advocate for myself, which boosts my confidence."
P190,EU,Netherlands,21,Male,2,4.0,4.0,3.0,2.0,4.0,3.0,4.0,4.0,3.0,5.0,5.0,6.0,5.0,5.0,2.0,3.0,3.0,2.0,3.7142857142857144,5.2,2.5,"Missing my family's celebrations, but I've created new traditions here."
P152,EU,Germany,29,Female,1,3.0,2.0,3.0,3.0,3.0,4.0,1.0,3.0,2.0,3.0,3.0,4.0,3.0,4.0,3.0,2.0,4.0,4.0,2.4285714285714284,3.4,3.25,"It's been challenging at times, but I'm proud of how much I've grown."
P001,UK,England,24,Male,2,3.0,4.0,2.0,3.0,3.0,2.0,2.0,3.0,4.0,4.0,5.0,5.0,5.0,5.0,1.0,1.0,2.0,1.0,3.0,4.8,1.25,I'd like clearer guidelines on assignment deadlines.
P268,International,China,24,Male,1,3.0,3.0,4.0,2.0,5.0,2.0,4.0,4.0,4.0,5.0,6.0,5.0,6.0,5.0,2.0,3.0,3.0,2.0,3.857142857142857,5.4,2.5,"Some professors assume I lack motivation, which isn't true."
P256,International,Brazil,29,Male,2,5.0,4.0,5.0,1.0,3.0,1.0,4.0,5.0,5.0,5.0,5.0,5.0,6.0,6.0,,2.0,2.0,2.0,4.428571428571429,5.4,2.0,"Cultural adjustment is tough, but I'm learning to navigate it."
P277,International,India,28,Female,2,1.0,2.0,2.0,4.0,1.0,4.0,2.0,2.0,2.0,2.0,2.0,2.0,3.0,3.0,2.0,2.0,2.0,2.0,1.7142857142857142,2.4,2.0,Microaggressions like 'You're so articulate' make me feel tokenized.
P263,International,Nigeria,26,Female,2,4.0,4.0,3.0,3.0,3.0,3.0,4.0,3.0,3.0,2.0,4.0,3.0,3.0,3.0,3.0,3.0,2.0,3.0,3.4285714285714284,3.0,2.75,"Discrimination in campus services, like being ignored by staff."
P300,International,Pakistan,25,Male,2,4.0,4.0,5.0,1.0,5.0,2.0,4.0,5.0,4.0,4.0,4.0,3.0,3.0,4.0,3.0,2.0,3.0,2.0,4.428571428571429,3.6,2.5,"Cultural adjustment is tough, but I'm learning to navigate it."
P089,UK,England,22,Female,2,3.0,4.0,4.0,3.0,5.0,2.0,3.0,3.0,4.0,5.0,5.0,5.0,6.0,5.0,2.0,2.0,2.0,2.0,3.7142857142857144,5.2,2.0,
P078,UK,England,25,Female,3,3.0,3.0,4.0,3.0,3.0,3.0,5.0,3.0,3.0,6.0,6.0,7.0,7.0,6.0,1.0,2.0,2.0,2.0,3.4285714285714284,6.4,1.75,Socialising helps me stay focused; I'd do more if I had time.
P124,UK,Wales,24,Female,1,3.0,2.0,3.0,4.0,3.0,3.0,3.0,2.0,3.0,6.0,5.0,5.0,5.0,5.0,2.0,2.0,3.0,2.0,2.7142857142857144,5.2,2.25,I feel supported by my peers and staff.
P096,UK,England,26,Female,1,4.0,4.0,4.0,2.0,4.0,2.0,4.0,4.0,4.0,5.0,6.0,6.0,,6.0,1.0,2.0,1.0,2.0,4.0,5.75,1.5,
P295,International,China,21,Male,3,4.0,3.0,3.0,3.0,3.0,2.0,4.0,3.0,4.0,4.0,3.0,3.0,4.0,4.0,2.0,1.0,2.0,2.0,3.4285714285714284,3.6,1.75,
P012,UK,England,21,Male,2,4.0,4.0,3.0,1.0,3.0,2.0,3.0,5.0,4.0,7.0,,7.0,7.0,6.0,2.0,2.0,1.0,2.0,3.7142857142857144,6.75,1.75,Budgeting is a skill I'm still learning.
P115,UK,Scotland,27,Female,1,3.0,3.0,3.0,2.0,4.0,3.0,2.0,4.0,3.0,6.0,6.0,5.0,6.0,7.0,2.0,,2.0,2.0,3.142857142857143,6.0,2.0,"Finances are tight, but part-time work covers basics."
P258,International,India,23,Male,2,2.0,2.0,2.0,3.0,2.0,4.0,1.0,3.0,2.0,4.0,3.0,3.0,3.0,4.0,3.0,4.0,3.0,4.0,2.0,3.4,3.5,"Family expects me to excel academically, adding pressure."
P220,International,Pakistan,21,Male,1,3.0,3.0,3.0,4.0,3.0,3.0,3.0,2.0,3.0,3.0,4.0,4.0,5.0,5.0,4.0,4.0,4.0,4.0,2.857142857142857,4.2,4.0,"It's lonely sometimes, but I remind myself why I'm here."
P253,International,Pakistan,21,Female,2,4.0,4.0,4.0,2.0,3.0,2.0,4.0,4.0,4.0,6.0,5.0,5.0,5.0,5.0,3.0,3.0,2.0,3.0,3.857142857142857,5.2,2.75,"The workload combined with cultural adjustment is exhausting, but I'm pushing through."
P286,International,India,26,Female,2,4.0,2.0,3.0,4.0,3.0,3.0,3.0,2.0,3.0,3.0,4.0,4.0,4.0,4.0,2.0,3.0,4.0,2.0,2.857142857142857,3.8,2.75,
P262,International,Pakistan,21,Male,1,2.0,2.0,3.0,3.0,2.0,3.0,3.0,3.0,3.0,3.0,2.0,3.0,3.0,2.0,3.0,2.0,4.0,4.0,2.5714285714285716,2.6,3.25,
P179,EU,Poland,23,Female,3,4.0,5.0,5.0,2.0,5.0,2.0,5.0,4.0,4.0,6.0,6.0,6.0,5.0,5.0,2.0,2.0,2.0,1.0,4.571428571428571,5.6,1.75,"Adjusting to UK culture has been smooth, but I miss my family's food and warm evenings at home."
P020,UK,Northern Ireland,26,Female,1,1.0,3.0,3.0,3.0,3.0,3.0,2.0,3.0,3.0,4.0,4.0,5.0,4.0,5.0,2.0,2.0,3.0,2.0,2.5714285714285716,4.4,2.25,Not really
P170,EU,Spain,22,Non-Binary,3,2.0,3.0,2.0,2.0,3.0,4.0,3.0,4.0,2.0,3.0,4.0,5.0,5.0,4.0,2.0,3.0,2.0,2.0,2.7142857142857144,4.2,2.25,"Missing family holidays, but I've made memories with new friends."
P240,International,Malaysia,26,Male,1,2.0,3.0,3.0,4.0,3.0,3.0,2.0,2.0,3.0,2.0,1.0,3.0,3.0,3.0,4.0,3.0,3.0,3.0,2.5714285714285716,2.4,3.25,"Missing family dearly, especially holidays."
P161,EU,Germany,24,Female,1,5.0,3.0,3.0,3.0,4.0,3.0,3.0,3.0,3.0,5.0,5.0,4.0,4.0,5.0,2.0,3.0,3.0,4.0,3.4285714285714284,4.6,3.0,"Adjusting to the pace of life here is harder than I thought, but I'm getting better."
P074,UK,England,28,Female,1,4.0,4.0,4.0,3.0,3.0,3.0,4.0,3.0,3.0,6.0,6.0,6.0,6.0,5.0,1.0,1.0,1.0,1.0,3.5714285714285716,5.8,1.0,I sometimes feel pressure to overcommit.
P018,UK,England,23,Female,2,3.0,3.0,3.0,4.0,1.0,3.0,4.0,2.0,3.0,5.0,4.0,4.0,4.0,4.0,2.0,1.0,1.0,2.0,2.7142857142857144,4.2,1.5,Nothing to add
P063,UK,England,23,Female,2,3.0,4.0,4.0,2.0,4.0,2.0,4.0,4.0,4.0,4.0,4.0,4.0,4.0,3.0,1.0,2.0,1.0,1.0,3.857142857142857,3.8,1.25,I miss home cooking but manage with budget meals.
P250,International,China,28,Non-Binary,1,3.0,3.0,3.0,3.0,3.0,3.0,3.0,3.0,3.0,3.0,3.0,3.0,3.0,3.0,3.0,2.0,3.0,3.0,3.0,3.0,2.75,My home country's expectations weigh heavily on my mental health.
P229,International,Nigeria,24,Male,2,2.0,2.0,3.0,3.0,2.0,3.0,3.0,3.0,3.0,5.0,5.0,4.0,4.0,5.0,2.0,3.0,2.0,3.0,2.5714285714285716,4.6,2.5,I wish there were more culturally inclusive events on campus.
P239,International,Malaysia,25,Female,1,3.0,4.0,2.0,4.0,3.0,4.0,3.0,2.0,2.0,3.0,2.0,3.0,3.0,3.0,2.0,2.0,2.0,2.0,2.7142857142857144,2.8,2.0,"Missing family dearly, especially holidays."
P230,International,Nigeria,24,Female,3,2.0,2.0,3.0,4.0,2.0,4.0,2.0,2.0,2.0,3.0,3.0,3.0,1.0,3.0,4.0,4.0,3.0,4.0,2.142857142857143,2.6,3.75,
P048,UK,England,21,Female,2,2.0,5.0,3.0,3.0,3.0,3.0,3.0,3.0,3.0,6.0,5.0,6.0,5.0,5.0,1.0,1.0,1.0,1.0,3.142857142857143,5.4,1.0,"Workload's tough, but I manage with time blocks and support groups."
P251,International,China,22,Male,2,2.0,3.0,3.0,2.0,4.0,3.0,3.0,4.0,3.0,3.0,3.0,3.0,3.0,3.0,3.0,3.0,3.0,3.0,3.142857142857143,3.0,3.0,I wish there were more culturally inclusive events on campus.
P080,UK,Scotland,23,Female,1,4.0,4.0,4.0,3.0,3.0,3.0,4.0,3.0,3.0,5.0,5.0,5.0,4.0,5.0,1.0,1.0,1.0,1.0,3.5714285714285716,4.8,1.0,Nothing to add
P291,International,China,24,Female,2,2.0,1.0,3.0,2.0,2.0,4.0,3.0,4.0,2.0,4.0,4.0,4.0,4.0,4.0,2.0,3.0,2.0,3.0,2.4285714285714284,4.0,2.5,
P021,UK,England,25,Non-Binary,3,,4.0,4.0,1.0,4.0,2.0,4.0,5.0,4.0,7.0,7.0,7.0,7.0,7.0,2.0,1.0,1.0,1.0,4.166666666666667,7.0,1.25,"Workload's tough, but I manage with time blocks and support groups."
P141,EU,Sweden,23,Male,3,4.0,3.0,3.0,3.0,3.0,3.0,3.0,3.0,3.0,5.0,4.0,4.0,3.0,5.0,2.0,1.0,2.0,2.0,3.142857142857143,4.2,1.75,"UK social life feels more formal than in Spain, but I'm learning to navigate it."
P193,EU,Sweden,26,Female,1,3.0,3.0,3.0,3.0,4.0,2.0,4.0,3.0,4.0,4.0,4.0,4.0,2.0,3.0,3.0,4.0,3.0,3.0,3.4285714285714284,3.4,3.25,"Adjusting to UK culture has been smooth, but I miss my family's food and warm evenings at home."
P131,EU,Germany,25,Female,1,5.0,5.0,5.0,2.0,4.0,1.0,4.0,4.0,5.0,5.0,6.0,6.0,6.0,6.0,1.0,1.0,1.0,1.0,4.571428571428571,5.8,1.0,"UK social life feels more formal than in Spain, but I'm learning to navigate it."
P216,International,India,28,Female,2,3.0,4.0,4.0,3.0,5.0,2.0,4.0,3.0,4.0,3.0,3.0,3.0,3.0,2.0,3.0,3.0,3.0,3.0,3.857142857142857,2.8,3.0,Struggling with language barriers and feeling excluded in social groups.
P245,International,India,21,Female,3,3.0,3.0,3.0,4.0,3.0,4.0,2.0,2.0,2.0,3.0,4.0,3.0,4.0,4.0,3.0,3.0,3.0,4.0,2.5714285714285716,3.6,3.25,"Financial stress forces me to work extra hours, affecting study time."
P060,UK,Northern Ireland,21,Female,1,4.0,3.0,4.0,3.0,4.0,2.0,3.0,3.0,4.0,5.0,6.0,6.0,6.0,5.0,1.0,3.0,1.0,2.0,3.5714285714285716,5.6,1.75,Workshops on time management would be helpful.
P222,International,China,24,Female,1,3.0,3.0,4.0,2.0,3.0,1.0,3.0,4.0,5.0,3.0,3.0,3.0,3.0,3.0,2.0,2.0,2.0,3.0,3.5714285714285716,3.0,2.25,"Some classmates make assumptions about my background, which is frustrating."
P177,EU,Sweden,28,Male,1,4.0,4.0,3.0,3.0,4.0,3.0,4.0,3.0,3.0,4.0,4.0,5.0,4.0,5.0,3.0,3.0,4.0,3.0,3.5714285714285716,4.4,3.25,"The weather here is brutal, but I've adapted to the rhythm of grey skies."
P056,UK,England,25,Male,1,5.0,4.0,3.0,3.0,4.0,3.0,5.0,3.0,3.0,6.0,6.0,6.0,6.0,6.0,1.0,2.0,3.0,2.0,3.857142857142857,6.0,2.0,I sometimes feel pressure to overcommit.
P292,International,China,26,Male,2,4.0,4.0,3.0,3.0,3.0,2.0,4.0,3.0,4.0,2.0,3.0,2.0,2.0,3.0,1.0,2.0,2.0,2.0,3.5714285714285716,2.4,1.75,Juggling visa deadlines and financial aid applications is overwhelming.
P255,International,Malaysia,28,Male,1,2.0,3.0,2.0,3.0,3.0,3.0,3.0,3.0,3.0,3.0,4.0,3.0,3.0,4.0,4.0,4.0,4.0,3.0,2.7142857142857144,3.4,3.75,Missing family's cooking and traditions deeply affects my mood.
P198,EU,Italy,26,Female,1,4.0,4.0,5.0,2.0,4.0,2.0,4.0,4.0,4.0,4.0,4.0,3.0,5.0,4.0,3.0,3.0,3.0,2.0,4.142857142857143,4.0,2.75,"Financial stress sometimes creeps in, but part-time work helps."
P069,UK,Scotland,24,Male,2,5.0,5.0,5.0,1.0,5.0,1.0,5.0,5.0,5.0,7.0,7.0,6.0,5.0,6.0,1.0,1.0,1.0,1.0,5.0,6.2,1.0,"My accommodation is modern, but rent's rising fast."
P211,EU,France,21,Non-Binary,2,4.0,4.0,3.0,3.0,4.0,3.0,4.0,3.0,3.0,4.0,3.0,3.0,4.0,3.0,5.0,4.0,4.0,4.0,3.5714285714285716,3.4,4.25,"The language is a hurdle, but I'm improving thanks to language apps and friends."
P233,International,China,22,Female,1,4.0,4.0,4.0,2.0,4.0,1.0,4.0,4.0,5.0,5.0,5.0,5.0,5.0,5.0,1.0,1.0,1.0,1.0,4.142857142857143,5.0,1.0,"Made friends who've helped me adapt, but systemic bias remains."
P202,EU,Portugal,26,Male,1,3.0,4.0,3.0,3.0,2.0,2.0,3.0,3.0,4.0,6.0,6.0,5.0,6.0,5.0,2.0,2.0,1.0,2.0,3.142857142857143,5.6,1.75,"Adjusting to UK culture took time, but the support from my university made it easier."
P169,EU,Spain,21,Male,2,4.0,5.0,4.0,2.0,3.0,2.0,3.0,4.0,4.0,7.0,7.0,7.0,7.0,7.0,1.0,1.0,1.0,1.0,3.857142857142857,7.0,1.0,"Missing my family's celebrations, but I've created new traditions here."
P186,EU,Spain,25,Male,1,4.0,4.0,3.0,2.0,3.0,3.0,3.0,4.0,3.0,5.0,4.0,4.0,4.0,3.0,2.0,2.0,2.0,2.0,3.4285714285714284,4.0,2.0,"Financial stress is a constant, but I'm focusing on saving for the future."
P036,UK,England,21,Female,1,4.0,3.0,5.0,3.0,3.0,2.0,4.0,3.0,4.0,4.0,5.0,5.0,4.0,6.0,2.0,1.0,1.0,1.0,3.7142857142857144,4.8,1.25,"Finances are tight, but part-time work covers basics."
P130,UK,Wales,23,Female,1,4.0,3.0,4.0,2.0,4.0,2.0,4.0,4.0,4.0,4.0,4.0,4.0,5.0,3.0,2.0,1.0,2.0,3.0,3.857142857142857,4.0,2.0,I'd love more mental health resources on campus.
